name,email,phone,membershipType,startDate,paymentMethod
John Doe,john.doe@example.com,(555) 123-4567,1,2024-01-15,Visa
Jane Smith,jane.smith@example.com,(555) 234-5678,2,2023-12-05,MasterCard
Alice Johnson,alice.johnson@example.com,(555) 345-6789,3,2023-11-20,American Express
Bob Brown,bob.brown@example.com,(555) 456-7890,1,2023-10-10,Discover
Carol White,carol.white@example.com,(555) 567-8901,2,2023-09-25,Visa
David Black,david.black@example.com,(555) 678-9012,3,2023-08-15,MasterCard
Eva Green,eva.green@example.com,(555) 789-0123,1,2023-07-30,American Express
Frank Blue,frank.blue@example.com,(555) 890-1234,2,2023-06-10,Discover
Grace Lee,grace.lee@example.com,(555) 901-2345,3,2023-05-20,Visa
Henry Adams,henry.adams@example.com,(555) 012-3456,1,2023-04-25,MasterCard
Isla Martin,isla.martin@example.com,(555) 123-6789,2,2024-01-20,American Express
Jack Lewis,jack.lewis@example.com,(555) 234-7890,3,2023-12-15,Discover
Kara Wilson,kara.wilson@example.com,(555) 345-8901,1,2023-11-01,Visa
Liam Clark,liam.clark@example.com,(555) 456-9012,2,2023-10-12,MasterCard
Mia Allen,mia.allen@example.com,(555) 567-0123,3,2023-09-18,American Express
Noah Young,noah.young@example.com,(555) 678-1234,1,2023-08-28,Discover
Olivia Scott,olivia.scott@example.com,(555) 789-2345,2,2023-07-15,Visa
Paul Harris,paul.harris@example.com,(555) 890-3456,3,2023-06-22,MasterCard
Quinn Baker,quinn.baker@example.com,(555) 901-4567,1,2023-05-05,American Express
Riley Collins,riley.collins@example.com,(555) 012-5678,2,2024-01-10,Discover
Sophie Mitchell,sophie.mitchell@example.com,(555) 123-7890,3,2023-12-01,Visa
Thomas Garcia,thomas.garcia@example.com,(555) 234-8901,1,2023-11-12,MasterCard
Uma Patel,uma.patel@example.com,(555) 345-9012,2,2023-10-25,American Express
Victor Brown,victor.brown@example.com,(555) 456-0123,3,2023-09-30,Discover
Wendy Adams,wendy.adams@example.com,(555) 567-1234,1,2023-08-20,Visa
Xander Taylor,xander.taylor@example.com,(555) 678-2345,2,2023-07-05,MasterCard
Yara Rodriguez,yara.rodriguez@example.com,(555) 789-3456,3,2023-06-15,American Express
Zachary Wilson,zachary.wilson@example.com,(555) 890-4567,1,2023-05-25,Discover
Ava Martinez,ava.martinez@example.com,(555) 901-5678,2,2024-01-30,Visa
Benjamin Taylor,benjamin.taylor@example.com,(555) 012-6789,3,2023-12-10,MasterCard
Charlotte Lee,charlotte.lee@example.com,(555) 123-8901,1,2023-11-20,American Express
Daniel Harris,daniel.harris@example.com,(555) 234-9012,2,2023-10-05,Discover
Emily Clark,emily.clark@example.com,(555) 345-0123,3,2023-09-15,Visa
Felix Robinson,felix.robinson@example.com,(555) 456-1234,1,2023-08-10,MasterCard
Gina Roberts,gina.roberts@example.com,(555) 567-2345,2,2023-07-25,American Express
Henry Martinez,henry.martinez@example.com,(555) 678-3456,3,2023-06-05,Discover
Ivy Wright,ivy.wright@example.com,(555) 789-4567,1,2023-05-15,Visa
Jackie Evans,jackie.evans@example.com,(555) 890-5678,2,2024-01-05,MasterCard
Katherine Wilson,katherine.wilson@example.com,(555) 901-6789,3,2023-12-20,American Express
Lucas Turner,lucas.turner@example.com,(555) 012-7890,1,2023-11-15,Discover
Mason Allen,mason.allen@example.com,(555) 123-9012,2,2023-10-30,Visa
Nora White,nora.white@example.com,(555) 234-0123,3,2023-09-05,MasterCard
Oscar Harris,oscar.harris@example.com,(555) 345-1234,1,2023-08-25,American Express
Penelope Scott,penelope.scott@example.com,(555) 456-2345,2,2023-07-10,Discover
Quincy Young,quincy.young@example.com,(555) 567-3456,3,2023-06-20,Visa
Riley Mitchell,riley.mitchell@example.com,(555) 678-4567,1,2023-05-10,MasterCard
Stella Lee,stella.lee@example.com,(555) 789-5678,2,2024-01-25,American Express
Travis Adams,travis.adams@example.com,(555) 890-6789,3,2023-12-25,Discover
Uma Patel,uma.patel@example.com,(555) 901-7890,1,2023-11-30,Visa
Victor Wright,victor.wright@example.com,(555) 012-8901,2,2023-10-15,MasterCard
Wendy Martinez,wendy.martinez@example.com,(555) 123-0123,3,2023-09-10,American Express
Xander Wilson,xander.wilson@example.com,(555) 234-1234,1,2023-08-05,Discover
Yara Rodriguez,yara.rodriguez@example.com,(555) 345-2345,2,2024-01-15,Visa
Zachary Lee,zachary.lee@example.com,(555) 456-3456,3,2023-12-05,MasterCard
